,Papel,Segmento,Cotação,FFO Yield,Dividend Yield,P/VP,Valor de Mercado,Liquidez,Qtd de imóveis,Preço do m2,Aluguel por m2,Cap Rate,Vacância Média,Ordem P/VP,Ordem Dividend Yield,Score,address1,address2,city,state,zip,country,phone,fax,industry,industryKey,industryDisp,sector,sectorKey,sectorDisp,longBusinessSummary,maxAge,priceHint,previousClose,regularMarketPreviousClose,dividendRate,dividendYield,exDividendDate,beta,trailingPE,averageVolume,averageVolume10days,averageDailyVolume10Day,bid,ask,marketCap,fiftyTwoWeekHigh,priceToSalesTrailing12Months,fiftyDayAverage,twoHundredDayAverage,currency,enterpriseValue,profitMargins,sharesOutstanding,heldPercentInstitutions,impliedSharesOutstanding,bookValue,priceToBook,lastFiscalYearEnd,nextFiscalYearEnd,netIncomeToCommon,trailingEps,enterpriseToRevenue,enterpriseToEbitda,52WeekChange,SandP52WeekChange,lastDividendValue,lastDividendDate,exchange,quoteType,symbol,underlyingSymbol,shortName,longName,firstTradeDateEpochUtc,timeZoneFullName,timeZoneShortName,uuid,messageBoardId,gmtOffSetMilliseconds,currentPrice,recommendationKey,ebitda,quickRatio,currentRatio,totalRevenue,revenuePerShare,returnOnAssets,returnOnEquity,grossProfits,freeCashflow,operatingCashflow,grossMargins,ebitdaMargins,operatingMargins,financialCurrency,trailingPegRatio,ticker,lastSplitFactor,lastSplitDate,website,payoutRatio,mostRecentQuarter,earningsQuarterlyGrowth,totalCash,totalCashPerShare,totalDebt,debtToEquity,earningsGrowth,revenueGrowth,trailingAnnualDividendRate,trailingAnnualDividendYield,forwardPE,forwardEps
1,RURA11,Títulos e Val. Mob.,6.92,15.69,15.53,0.68,1107890000,3107460,0,0.0,0.0,0.0,0.0,16,3,19,,,,,,,,,,,,,,,,86400,2,6.94,6.94,,,,,,438248.0,522565.0,522565.0,7.02,6.9,,10.36,,7.3172,8.83045,BRL,,,,,,,,,,,,,,,,,,SAO,EQUITY,RURA11.SA,RURA11.SA,FIAGRO RURA CI,Itau Asset Rural Fiagro - Imobiliario,1646830800,America/Sao_Paulo,BRT,a70b6d53-a399-30c7-b438-55612a152b70,finmb_1685742897,-10800000,6.92,none,,,,,,,,,,,,,,,,RURA11.SA,,,,,,,,,,,,,,,,
2,RBRP11,Outros,41.7,7.01,14.83,0.55,507872000,1332160,6,8176.56,678.69,8.3,0.0,4,15,19,"Rua Alves Guimarães, 1216",Pinheiros,São Paulo,SP,05410-002,Brazil,55 11 3133 0350,55 11 3133 0360,Asset Management,asset-management,Asset Management,Financial,financial,,,86400,2,42.58,42.58,3.0,0.0574,1696809600.0,,,27952.0,36335.0,36335.0,41.65,41.96,,63.83,,48.3282,54.0003,BRL,,,,0.04384,,,,,,,,,,-0.27692044,0.19995654,0.54,1736380800.0,SAO,EQUITY,RBRP11.SA,RBRP11.SA,FII RBR PROPCI,Fundo Investimento Imobiliario Rbr Properties Fii,1534338000,America/Sao_Paulo,BRT,8620dea0-fc6e-3803-8a62-b044bcfa35dd,finmb_561209711,-10800000,41.7,none,,,,,,,,,,,,,,,,RBRP11.SA,,,,,,,,,,,,,,,,
3,VINO11,Lajes Corporativas,4.4,12.76,14.68,0.43,364436000,602091,10,5414.82,1102.1,20.35,1.66,0,19,19,,,,,,Brazil,,,,,,,,,,86400,4,4.67,4.67,0.72,0.0858,1696204800.0,,7.096774,138717.0,101683.0,101683.0,4.41,4.54,364435744.0,8.22,,4.717,5.80075,BRL,,,82826304.0,0.00604,82826304.0,,,,,,0.62,,,-0.42633635,0.19995654,0.05,1738540800.0,SAO,EQUITY,VINO11.SA,VINO11.SA,FII VINCI OFCI,Vinci Corporate Fundo De Investimento Imobiliario,1574946000,America/Sao_Paulo,BRT,26fd321f-c1f0-3792-b374-c0cea772d985,finmb_636195775,-10800000,4.4,none,,,,,,,,,,,,,,,,VINO11.SA,10:1,1706659200.0,,,,,,,,,,,,,,
4,XPCA11,Títulos e Val. Mob.,6.32,18.72,15.24,0.67,287706000,1067140,0,0.0,0.0,0.0,0.0,11,11,22,,,,,,Brazil,,,,,,,,,,86400,2,6.33,6.33,,,,,,198030.0,183729.0,183729.0,6.4,6.32,,9.55,,6.0866,7.42495,BRL,,,,,,,,,,,,,,-0.3283741,0.19995654,0.1,1738540800.0,SAO,EQUITY,XPCA11.SA,XPCA11.SA,FIAGRO XP CACI,Xp Credito Agricola - Fundo De Investimento Nas Cadeias Produtivas - Fiagro - Imobiliario,1637359500,America/Sao_Paulo,BRT,941472cb-2cb4-3be9-adc9-e1ca21e92340,finmb_1682536260,-10800000,6.32,none,,,,,,,,,,,,,,,,XPCA11.SA,,,,,,,,,,,,,,,,
6,RBRX11,Títulos e Val. Mob.,6.93,9.36,15.83,0.73,204218000,564178,1,7748940.0,0.0,0.0,0.0,24,1,25,,,,,,Brazil,,,,,,,,,,86400,2,6.9,6.9,12.6,0.1374,1697500800.0,,5.5887094,78179.0,72970.0,72970.0,6.9,7.05,842736512.0,9.96,,7.3494,8.51765,BRL,,,,,121607000.0,,,,,,1.24,,,-0.2635494,0.19995654,0.08,1736985600.0,SAO,EQUITY,RBRX11.SA,RBRX11.SA,FII RBR MULTCI,Rbr Alpha Plus Multiestrategia Real Estate Fundo De Investimento Imobiliario,1662382800,America/Sao_Paulo,BRT,dd80f183-7543-3d7d-a21c-6d50ee6180af,finmb_1675675030,-10800000,6.93,none,,,,,,,,,,,,,,,,RBRX11.SA,10:1,1701907200.0,,2.95,,,,,,,,,,,,
7,GTWR11,Lajes Corporativas,66.72,14.6,14.17,0.67,800640000,751397,3,4825.55,758.77,15.72,0.0,12,24,36,,,,,,Brazil,,,Asset Management,asset-management,Asset Management,Financial,financial,,,86400,2,67.15,67.15,9.48,0.1178,1696204800.0,,4.204159,12820.0,12484.0,12484.0,66.5,66.94,800640000.0,87.95,,69.805,77.7689,BRL,,,12000000.0,0.0073900004,12000000.0,,,,,,15.87,,,-0.2374857,0.19995654,0.83,1738540800.0,SAO,EQUITY,GTWR11.SA,GTWR11.SA,FII G TOWERSCI,Fundo Investimento Imobiliario Green Towers,1561381200,America/Sao_Paulo,BRT,0da1ece4-fdb3-314b-8680-591a448041a9,finmb_529086886,-10800000,66.72,none,,,,,,,,,,,,,,,,GTWR11.SA,,,,,,,,,,,,,,,,
8,VCJR11,Títulos e Val. Mob.,70.51,17.07,15.46,0.76,1038190000,2581140,0,0.0,0.0,0.0,0.0,32,5,37,,,,,,Brazil,,,,,,,,,,86400,2,70.96,70.96,7.8,0.085,1696204800.0,,6.620658,35517.0,40778.0,40778.0,70.45,70.8,1038189248.0,96.97,,73.1904,85.73225,BRL,,,14724000.0,0.00458,14724000.0,,,,,,10.65,,,-0.25771135,0.19995654,0.95,1738540800.0,SAO,EQUITY,VCJR11.SA,VCJR11.SA,FII VECTIS  CI,Vectis Juros Real Fundo De Investimento Imobiliario - Fii,1580216400,America/Sao_Paulo,BRT,6fbd26c3-b744-3a98-a387-7ebeab23edc3,finmb_637596273,-10800000,70.51,none,,,,,,,,,,,,,,,,VCJR11.SA,,,,,,,,,,,,,,,,
9,BTAL11,Outros,68.9,20.88,13.64,0.62,412210000,525463,9,1201.89,175.7,14.62,0.0,8,33,41,,,,,,Brazil,,,,,,,,,,86400,2,68.3,68.3,,,,,4.245225,8293.0,5638.0,5638.0,68.11,68.9,412210784.0,80.03,,68.4462,72.90095,BRL,,,5982740.0,0.01543,5982740.0,,,,,,16.23,,,-0.050048232,0.19995654,0.84,1737417600.0,SAO,EQUITY,BTAL11.SA,BTAL11.SA,FII BTG AGROCI,FII Btg Pactual Agro Logistica,1612443600,America/Sao_Paulo,BRT,df159a76-032d-3ab4-8d86-677529b05db2,finmb_702442289,-10800000,68.9,none,,,,,,,,,,,,,,,,BTAL11.SA,,,,,,,,,,,,,,,,
10,ICRI11,Títulos e Val. Mob.,77.35,10.57,15.98,0.79,298367000,1425320,0,0.0,0.0,0.0,0.0,42,0,42,,,,,,,,,,,,,,,,86400,2,77.15,77.15,,,,,,15563.0,13720.0,13720.0,77.36,79.0,298366784.0,100.0,,83.9284,93.17375,BRL,,,,,,,,,,,,,,,,,,SAO,EQUITY,ICRI11.SA,ICRI11.SA,FII CI IPCA CI,,1708347600,America/Sao_Paulo,BRT,740b08c8-af4f-3ba6-bf30-e349280205cd,finmb_1847564528,-10800000,77.35,none,,,,,,,,,,,,,,,,ICRI11.SA,,,,,,,,,,,,,,,,
11,XPSF11,Títulos e Val. Mob.,5.5,14.61,15.4,0.76,238162000,616884,0,0.0,0.0,0.0,0.0,35,7,42,,,,,,Brazil,,,,,,,,,,86400,2,5.43,5.43,0.9,0.11,1696204800.0,,0.45008183,97491.0,131381.0,131381.0,5.48,5.5,23816156.0,8.49,,5.9758,7.06075,BRL,,,4330210.0,0.0062599997,4330210.0,,,,,,12.22,,,-0.34210527,0.19995654,0.06,1738540800.0,SAO,EQUITY,XPSF11.SA,XPSF11.SA,FII XP SELECCI,XP Selection Fundo De Fundos De Investimento Imobiliario - FII,1581944400,America/Sao_Paulo,BRT,b707954d-2e58-31c4-9495-dec4e86c6986,finmb_628662778,-10800000,5.5,none,,,,,,,,,,,,,,,,XPSF11.SA,,,,,,,,,,,,,,,,
12,RZAT11,Híbrido,79.75,-67.19,15.67,0.8,337745000,889691,11,1365.92,130.14,9.53,0.0,44,2,46,,,,,,,,,,,,,,,,86400,2,78.92,78.92,,,,,,11637.0,8468.0,8468.0,79.51,80.45,,100.3,,82.1314,87.37485,BRL,,,,,,,,,,,,,,,,,,SAO,EQUITY,RZAT11.SA,RZAT11.SA,FII ARCTIUM CI,Riza Arctium Real Estate Fundo De Investimento Imobiliario,1726491600,America/Sao_Paulo,BRT,fa6bc634-11c2-332a-a874-fe1245c14418,finmb_613243832,-10800000,79.75,none,,,,,,,,,,,,,,,,RZAT11.SA,,,,,,,,,,,,,,,,
13,CPTS11,Títulos e Val. Mob.,6.38,9.23,14.06,0.75,2027740000,8086390,0,0.0,0.0,0.0,0.0,27,25,52,,,,,,,,,,,,,,,,86400,2,6.25,6.25,,,,,,1281325.0,756625.0,756625.0,6.36,6.38,,8.76,,6.4848,7.67365,BRL,,,,,,,,,,,,,,,,,,SAO,EQUITY,CPTS11.SA,CPTS11.SA,FII CAPI SECCI,Capitania Securities II Fundo Investimento Imobiliario FII,1441198800,America/Sao_Paulo,BRT,a22cfb55-f8b6-3e8d-9886-674e30a1f66a,finmb_247931675,-10800000,6.38,none,,,,,,,,,,,,,,,,CPTS11.SA,,,,,,,,,,,,,,,,
14,CLIN11,Títulos e Val. Mob.,76.01,13.26,15.36,0.8,330397000,980503,0,0.0,0.0,0.0,0.0,43,9,52,,,,,,,,,,,,,,,,86400,2,75.81,75.81,,,,,,14553.0,11042.0,11042.0,75.91,77.09,330397248.0,99.1,,80.7014,91.32835,BRL,,,,,,,,,,,,,,,,,,SAO,EQUITY,CLIN11.SA,CLIN11.SA,FII CLAVE INCI,Clave Indices De Precos Fundo De Investimento Imobiliario,1698843600,America/Sao_Paulo,BRT,004353c2-f0b5-33a0-afbd-d26fac49f4c4,finmb_1853700894,-10800000,76.01,none,,,,,,,,,,,,,,,,CLIN11.SA,,,,,,,,,,,,,,,,
15,RVBI11,Títulos e Val. Mob.,58.5,9.11,15.22,0.79,601147000,1254690,0,0.0,0.0,0.0,0.0,41,12,53,,,,,,Brazil,,,,,,,,,,86400,2,60.27,60.27,9.0,0.1104,1696896000.0,,,23748.0,16409.0,16409.0,58.4,59.68,,91.06,,60.8102,69.69355,BRL,,,,0.00308,,,,,,,,,,-0.296875,0.19995654,0.75,1736467200.0,SAO,EQUITY,RVBI11.SA,RVBI11.SA,FII RVBI VBICI,Vbr Reits Fof Fundo De Investimento Imobiliario,1581339600,America/Sao_Paulo,BRT,7fdf06ac-be08-3c8a-ae74-876c864f6251,finmb_649014639,-10800000,58.5,none,,,,,,,,,,,,,,,,RVBI11.SA,,,,,,,,,,,,,,,,
16,HSAF11,Títulos e Val. Mob.,70.68,15.65,15.37,0.81,178563000,517683,0,0.0,0.0,0.0,0.0,46,8,54,,,,,,,,,,,,,,,,86400,2,69.6,69.6,,,,,12.186207,7690.0,5430.0,5430.0,69.0,71.91,178563120.0,90.17,,72.354,80.47095,BRL,,,,,,,,,,,,,,,,,,SAO,EQUITY,HSAF11.SA,HSAF11.SA,FII HSI CRI CI,Hsi Ativos Financeiros Fundos Investimentos Imoliarios,1600434000,America/Sao_Paulo,BRT,cadde88a-e1f7-3084-8c54-a8dcae437a13,finmb_678163322,-10800000,70.68,none,,,,,,,,,,,,,,,,HSAF11.SA,,,,,,,,,,,,,,,,
17,RPRI11,Títulos e Val. Mob.,77.72,12.77,15.32,0.8,269823000,505068,0,0.0,0.0,0.0,0.0,45,10,55,,,,,,Brazil,,,,,,,,,,86400,2,77.83,77.83,9.6,0.095,1696204800.0,,7.803213,6106.0,7662.0,7662.0,77.1,79.3,269822848.0,103.0,,79.6224,88.7502,BRL,,,3471730.0,,3471730.0,,,,,,9.96,,,-0.23579156,0.19995654,1.0,1738540800.0,SAO,EQUITY,RPRI11.SA,RPRI11.SA,FII RBR PR  CI,RBR Premium Recebiveis Imobiliarios Fundo De Investimento Imobiliario,1660741200,America/Sao_Paulo,BRT,155dfa47-49cf-3560-9cd2-2df96d888ab8,finmb_1762271562,-10800000,77.72,none,,,,,,,,,,,,,,,,RPRI11.SA,,,,0.9821,,,,,,,,,,,,
18,VGHF11,Títulos e Val. Mob.,6.86,8.49,15.42,0.81,1129990000,3595800,0,0.0,0.0,0.0,0.0,50,6,56,,,,,,Brazil,,,,,,,,,,86400,2,6.8,6.8,,,,,10.393939,510171.0,559740.0,559740.0,6.86,6.95,1129992960.0,9.5,,7.2378,8.23375,BRL,,,164722000.0,0.0073900004,164722000.0,,,,,,0.66,,,-0.26473743,0.19995654,0.09,1738540800.0,SAO,EQUITY,VGHF11.SA,VGHF11.SA,FII VALOR HECI,Valora Hedge Fund Fundo De Investimento Imobiliario - Fii,1615294800,America/Sao_Paulo,BRT,8aa5d1a8-1b15-30ae-9e79-608b5b934882,finmb_701374940,-10800000,6.86,none,,,,,,,,,,,,,,,,VGHF11.SA,,,,,,,,,,,,,,,,
19,IRDM11,Títulos e Val. Mob.,62.52,15.01,14.71,0.78,2277840000,3144830,0,0.0,0.0,0.0,0.0,39,17,56,,,,,,Brazil,,,,,,,,,,86400,2,61.89,61.89,9.61,0.1225,1696982400.0,,15.4370365,52471.0,44706.0,44706.0,62.5,63.0,2277841152.0,79.1,,62.3524,68.67365,BRL,,,36433800.0,0.03571,36433800.0,,,,,,4.05,,,-0.19588423,0.19995654,0.93,1736726400.0,SAO,EQUITY,IRDM11.SA,IRDM11.SA,FII IRIDIUM CI,Fundo Investimento Imobiliario Iridium Recebiveis Imobiliarios,1591275600,America/Sao_Paulo,BRT,3d911d55-1025-3a8d-87f2-3ca2fa7c45ba,finmb_549506226,-10800000,62.52,none,,,,,,,,,,,,,,,,IRDM11.SA,,,,2.3727,,,,,,,,,,,,
20,RBVA11,Outros,78.63,9.23,13.38,0.73,1227750000,1679300,72,6450.46,741.05,11.49,5.39,22,35,57,Avenida Chedid Jafet 222,"Andar 3, Bloco B",Sao Paulo,,,Brazil,,,Asset Management,asset-management,Asset Management,Financial,financial,,,86400,2,78.5,78.5,12.0,0.1075,1696204800.0,0.265056,4.3562326,21578.0,16145.0,16145.0,78.0,78.86,221442512.0,115.94,1.7329168,83.0038,99.0118,BRL,1293243008.0,1.50099,,0.00035,2810550.0,109.383,0.71885026,1672444800.0,1703980800.0,191804992.0,18.05,10.12,19.195,-0.30813903,0.19995654,0.9,1738540800.0,SAO,EQUITY,RBVA11.SA,RBVA11.SA,FII RIOB VA CI,Fundo Invest Imobiliario Agencias Caixa - FII Fund,1556802000,America/Sao_Paulo,BRT,7ebdee0b-7737-3eda-a301-cea65c36c484,finmb_224208632,-10800000,78.63,none,67373000.0,0.493,0.494,127786000.0,11.027,0.02503,0.15454,110190000.0,37451248.0,126755000.0,0.86230004,0.52723,0.46291,BRL,,RBVA11.SA,,,https://www.riobravo.com.br/EstrategiasInvestimento/Paginas/FII_AgenciasCaixa.aspx,0.65029997,,,,,,,,,,,,
22,HSML11,Shoppings,73.03,9.18,12.82,0.67,1519650000,4129130,8,6736.92,872.73,12.95,4.01,14,46,60,"Rua Amador Bueno, 474","1º Andar, Bloco D,",São Paulo,SP,04752-005,Brazil,55 11 3553 6910,,Asset Management,asset-management,Asset Management,Financial,financial,,,86400,2,72.3,72.3,8.88,0.096,1696204800.0,,3.2058823,58529.0,57836.0,57836.0,72.39,73.03,1491133824.0,99.22,,73.0064,87.7104,BRL,,,20418100.0,0.03429,20418100.0,,,,,,22.78,,,-0.24321246,0.19995654,0.65,1738540800.0,SAO,EQUITY,HSML11.SA,HSML11.SA,FII HSI MALLCI,Hsi Malls Fundo De Investimento Imobiliario,1565960400,America/Sao_Paulo,BRT,f2446553-3543-3ff7-b8a5-0f590b66b4ad,finmb_607165031,-10800000,73.03,none,,,,,,,,,,,,,,,,HSML11.SA,,,,1.8194001,,,,,,,,,,,,
23,RBFF11,Títulos e Val. Mob.,44.25,13.59,13.67,0.76,165903000,716389,0,0.0,0.0,0.0,0.0,28,32,60,,,,,,Brazil,,,,,,,,,,86400,2,43.56,43.56,6.12,0.1011,1696204800.0,,7.140552,15058.0,9637.0,9637.0,43.7,44.26,,65.5,,47.2194,56.17405,BRL,,,,,,90.982,0.48635992,,,,6.197,,,-0.28037077,0.19995654,0.51,1738540800.0,SAO,EQUITY,RBFF11.SA,RBFF11.SA,FII RIOB FF CI,Rio Bravo Ifix Fundo De Fundos Investimento Imobiliario - FII,1593176400,America/Sao_Paulo,BRT,7d4cc1f5-f6b4-3cae-9dfe-3d21e7e8ddbf,finmb_634758670,-10800000,44.25,none,,,,,,,,,,,,,,BRL,,RBFF11.SA,,,,,,,,,,,,,,,,
24,CPTR11,Títulos e Val. Mob.,6.25,20.57,12.72,0.65,258625000,1083010,0,0.0,0.0,0.0,0.0,10,52,62,,,,,,Brazil,,,,,,,,,,86400,2,6.24,6.24,,,,,,175883.0,89234.0,89234.0,6.25,6.26,,8.98,,6.1352,7.41655,BRL,,,,,,,,,,,,,,-0.29378533,0.19995654,0.1,1726099200.0,SAO,EQUITY,CPTR11.SA,CPTR11.SA,FIAGRO CPTR CI,Capitania Agro Strategies - Fiagro - Imobiliario Fund,1655902800,America/Sao_Paulo,BRT,a7bb2947-1837-38e2-b267-ae9e348aeed9,finmb_1771719576,-10800000,6.25,none,,,,,,,,,,,,,,,,CPTR11.SA,10:1,1695686400.0,,,,,,,,,,,,,,
25,QAGR11,Outros,41.0,13.01,12.94,0.69,206640000,646215,12,1459.66,215.09,14.74,0.0,19,44,63,Av. Pres. Juscelino Kubitschek,1726 - Conj. 92,São Paulo,SP,04543-000,Brazil,551128729040,,,,,,,,,86400,2,41.0,41.0,5.16,0.1069,1696291200.0,,5.7991514,14703.0,4033.0,4033.0,40.87,41.0,206640000.0,50.0,,42.157,45.2641,BRL,,,5040000.0,0.12783,5057270.0,,,,,,7.07,,,-0.17238593,0.19995654,0.46,1738627200.0,SAO,EQUITY,QAGR11.SA,QAGR11.SA,FII QAGR VBICI,Quasar Agro - Fundo De Investimento Imobiliario,1575982800,America/Sao_Paulo,BRT,6f615c42-f5d6-394c-bba0-c397031b977c,finmb_639004801,-10800000,41.0,none,,,,,,,,,,,,,,,,QAGR11.SA,,,,0.67010003,,,,,,,,,,,,
26,AJFI11,Títulos e Val. Mob.,6.85,11.25,12.15,0.56,216638000,548511,6,978.03,105.41,10.78,6.72,5,59,64,,,,,,,,,,,,,,,,86400,2,6.84,6.84,,,,,,81758.0,35615.0,35615.0,6.77,6.88,216638096.0,10.04,,7.0742,7.9212,BRL,,,,,,,,,,,,,,,,,,SAO,EQUITY,AJFI11.SA,AJFI11.SA,FII AJ MALLSCI,Capitania Malls Fundo De Investimento Imobiliario,1699534800,America/Sao_Paulo,BRT,bc062c8a-f9bc-377b-be37-f11de2bf2e57,finmb_1848875089,-10800000,6.85,none,,,,,,,,,,,,,,,,AJFI11.SA,,,,,,,,,,,,,,,,
27,HFOF11,Títulos e Val. Mob.,51.95,12.99,13.86,0.78,1197160000,2393850,0,0.0,0.0,0.0,0.0,38,28,66,,,,,,Brazil,,,REIT - Diversified,reit-diversified,,Financial,financial,,,86400,2,51.73,51.73,7.56,0.1011,1696204800.0,,6.104583,47445.0,53164.0,53164.0,51.38,51.95,1197156608.0,78.5,,54.6142,65.2591,BRL,,,23044400.0,0.18944,23044400.0,,,,,,8.51,,,-0.33397436,0.19995654,0.56,1738540800.0,SAO,EQUITY,HFOF11.SA,HFOF11.SA,FII HTOPFOF3CI,Hedge Top Fofii 3 Fundo Investimento Imobilirio,1519909200,America/Sao_Paulo,BRT,cd5758cd-2238-32f0-9a0e-0f8d13c19852,finmb_544147906,-10800000,51.95,none,,,,,,,,,,,,,,,,HFOF11.SA,,,,4.2471,,,,,,,,,,,,
28,TEPP11,Lajes Corporativas,76.22,2.29,13.67,0.77,321798000,545757,5,9575.71,1012.66,10.58,0.0,36,31,67,,,,,,Brazil,,,,,,,,,,86400,2,75.77,75.77,6.96,0.0764,1696204800.0,,9.128143,7665.0,6339.0,6339.0,75.7,76.0,321798560.0,98.48,,76.3266,86.39145,BRL,,,4221970.0,0.06544,4221970.0,,,,,,8.35,,,-0.19844359,0.19995654,0.8,1738540800.0,SAO,EQUITY,TEPP11.SA,TEPP11.SA,FII TEL PROPCI,SDI Properties Fundo De Investimento Imobiliario,1588770000,America/Sao_Paulo,BRT,ea34e160-2fac-3639-bf15-968c3e9d1c89,finmb_622734720,-10800000,76.22,none,,,,,,,,,,,,,,,,TEPP11.SA,,,,,,,,,,,,,,,,
29,KNCA11,Títulos e Val. Mob.,83.57,13.73,14.9,0.82,1805110000,4703730,0,0.0,0.0,0.0,0.0,54,13,67,,,,,,,,,,,,,,,,86400,2,83.6,83.6,,,,,,56326.0,53490.0,53490.0,83.13,83.21,,105.59,,84.795,96.72915,BRL,,,,,,,,,,,,,,,,,,SAO,EQUITY,KNCA11.SA,KNCA11.SA,FIAGRO KINEACI,Kinea Credito Agro Fiagro-Imobiliario,1642510800,America/Sao_Paulo,BRT,63a9fba1-bb97-326e-a5de-ded5cbb57572,finmb_1680955937,-10800000,83.57,none,,,,,,,,,,,,,,,,KNCA11.SA,,,,,,,,,,,,,,,,
30,RBRF11,Títulos e Val. Mob.,6.16,10.84,12.99,0.75,842735000,2650760,0,0.0,0.0,0.0,0.0,26,43,69,,,,,,Brazil,,,REIT - Diversified,reit-diversified,,Financial,financial,,,86400,2,6.23,6.23,6.6,0.0849,1696982400.0,,4.967742,397087.0,377362.0,377362.0,6.16,6.22,842737280.0,8.57,,6.2988,7.0844,BRL,,,136808000.0,4.0000003e-05,137690000.0,,,,,,1.24,,,-0.23000002,0.19995654,0.111,1736726400.0,SAO,EQUITY,RBRF11.SA,RBRF11.SA,FII RBRALPHACI,Fundo Investimento Imobiliario Rbr Alpha Fundos De Fundos,1507554000,America/Sao_Paulo,BRT,12d1d726-2641-345f-a8bc-fc0e85fa2878,finmb_430465955,-10800000,6.16,none,,,,,,,,,,,,,,,,RBRF11.SA,10:1,1706659200.0,,2.8,,,,,,,,,,,,
31,HSLG11,Logística,69.89,12.71,12.46,0.67,884812000,617455,5,2148.85,278.3,12.95,0.0,13,56,69,,,,,,Brazil,,,,,,,,,,86400,2,69.0,69.0,,,,,7.443024,8300.0,8050.0,8050.0,69.8,70.05,884814400.0,99.96,,75.2006,83.2967,BRL,,,12660100.0,0.05256,12660100.0,,,,,,9.39,,,-0.2800783,0.19995654,0.65,1738540800.0,SAO,EQUITY,HSLG11.SA,HSLG11.SA,FII HSI LOG CI,Hsi Logistica Fundo De Investimento Imobiliario,1608642000,America/Sao_Paulo,BRT,07c32d9d-e276-39ce-9ebc-3a717ee41b8e,finmb_691120826,-10800000,69.89,none,,,,,,,,,,,,,,,,HSLG11.SA,,,,,,,,,,,,,,,,
32,FATN11,Híbrido,75.93,10.04,13.23,0.76,274017000,679606,51,20266.7,2060.63,10.17,4.61,34,36,70,,,,,,Brazil,,,,,,,,,,86400,2,75.59,75.59,10.2,0.111999996,1696550400.0,,7.2452292,8789.0,8127.0,8127.0,75.65,76.38,211168928.0,98.95,,78.2064,88.35265,BRL,,,2781100.0,0.05549,2781100.0,,,,,,10.48,,,-0.17341608,0.19995654,0.8,1738886400.0,SAO,EQUITY,FATN11.SA,FATN11.SA,FII ATHENA ICI,Fundo De Investimento Imobiliario Athena I,1647349200,America/Sao_Paulo,BRT,19ee0a05-2869-3d46-acf9-faf2f1e25982,finmb_651374312,-10800000,75.93,none,,,,,,,,,,,,,,,,FATN11.SA,,,,1.2563,,,,,,,,,,,,
33,JSRE11,Híbrido,51.66,10.49,11.03,0.51,1072840000,1884510,6,9195.77,1113.81,12.11,7.05,3,67,70,,,,,,Brazil,,,REIT - Diversified,reit-diversified,,Financial,financial,,,86400,2,51.28,51.28,5.52,0.076,1696204800.0,0.111602,8.318841,35673.0,38056.0,38056.0,51.66,52.09,1072838720.0,76.0,7.1352286,55.3008,62.1546,BRL,1494624640.0,0.71926004,20767300.0,0.03738,20767300.0,109.589,0.4713977,1672444800.0,1703980800.0,108146000.0,6.21,9.94,,-0.30750668,0.19995654,0.48,1735776000.0,SAO,EQUITY,JSRE11.SA,JSRE11.SA,FII JS REAL CI,JS Real Estate multigestão - FII fund,1407330000,America/Sao_Paulo,BRT,38a252b8-839b-34ff-aeba-add64bfab3c9,finmb_134106875,-10800000,51.66,none,,7.727,7.727,150358000.0,7.24,0.0296,0.04596,150358000.0,69017872.0,156400000.0,1.0,,0.79955,BRL,,JSRE11.SA,10:1,1412121600.0,,,,,,,,,,,,,,
34,NEWL11,Híbrido,90.49,20.07,12.61,0.69,254948000,788879,3,2649.47,487.38,18.4,0.0,17,55,72,,,,,,Brazil,,,,,,,,,,86400,2,89.99,89.99,11.4,0.10560001,1696204800.0,,7.68819,7760.0,2947.0,2947.0,89.15,92.5,235997920.0,123.99,,97.0808,110.3476,BRL,,,2608000.0,0.10321,2608000.0,,,,,,11.77,,,-0.26609892,0.19995654,0.95,1738540800.0,SAO,EQUITY,NEWL11.SA,NEWL11.SA,FII NEWPORT CI,Newport Logastica Fundo De Investimento Imobiliario,1577451600,America/Sao_Paulo,BRT,aff98b58-cb4e-3680-97cf-29a90c030d60,finmb_630791928,-10800000,90.49,none,,,,,,,,,,,,,,,,NEWL11.SA,,,,,,,,,,,,,,,,
35,CVBI11,Títulos e Val. Mob.,75.78,14.4,14.86,0.84,834355000,2041860,0,0.0,0.0,0.0,0.0,58,14,72,,,,,,Brazil,,,,,,,,,,86400,2,75.56,75.56,10.87,0.1189,1696896000.0,,5.2698193,27836.0,22058.0,22058.0,75.69,75.96,834352960.0,97.47,,79.5248,88.39535,BRL,,,11010200.0,0.02859,11010200.0,,,,,,14.38,,,-0.19202471,0.19995654,1.05,1736467200.0,SAO,EQUITY,CVBI11.SA,CVBI11.SA,FII CVBI VBICI,Fundo De Investimento Imobiliario VBI Credito,1569502800,America/Sao_Paulo,BRT,e5a9f9ce-52b6-3fd4-9b84-712bb77a4898,finmb_629618197,-10800000,75.78,none,,,,,,,,,,,,,,,,CVBI11.SA,,,,,,,,,,,,,,,,
36,XPCI11,Títulos e Val. Mob.,71.41,13.57,14.28,0.82,621378000,1645210,0,0.0,0.0,0.0,0.0,53,22,75,,,,,,Brazil,,,,,,,,,,86400,2,71.28,71.28,11.4,0.1295,1696204800.0,,,24213.0,21205.0,21205.0,71.41,72.2,,91.5,,72.578,82.23215,BRL,,,,0.01911,,,,,,,,,,-0.20390189,0.19995654,0.83,1738540800.0,SAO,EQUITY,XPCI11.SA,XPCI11.SA,FII XP CRED CI,Xp Credito Imobiliario ae Fundo De Investimento Imobiliario,1576587600,America/Sao_Paulo,BRT,c5ec5b5e-20a8-32ec-b756-d62fb1c5d304,finmb_633054042,-10800000,71.41,none,,,,,,,,,,,,,,,,XPCI11.SA,,,,,,,,,,,,,,,,
37,FIIP11,Híbrido,136.35,13.06,12.44,0.69,126419000,654186,7,1815.52,264.05,14.54,0.0,18,57,75,,,,,,,,,,,,,,,,86400,2,133.68,133.68,,,,,,3686.0,8326.0,8326.0,130.0,136.37,126418544.0,188.0,,135.6846,163.40225,BRL,,,,,,,,,,,,,,,,,,SAO,EQUITY,FIIP11.SA,FIIP11.SA,FII RB CAP ICI,RB Capital Renda I Fundo de Investimento Imobiliário - FII,1407330000,America/Sao_Paulo,BRT,94c7313c-0320-3150-b6b6-7774349524ca,finmb_106477692,-10800000,136.35,none,,,,,,,,,,,,,,,,FIIP11.SA,,,,,,,,,,,,,,,,
38,KCRE11,Títulos e Val. Mob.,7.76,15.33,14.48,0.84,279360000,638756,0,0.0,0.0,0.0,0.0,56,21,77,,,,,,Brazil,,,,,,,,,,86400,2,7.75,7.75,6.84,0.0727,1696204800.0,,7.2523365,73961.0,72595.0,72595.0,7.71,7.76,279360000.0,10.143,,8.1208,9.136005,BRL,,,36000000.0,,36920700.0,,,,,,1.07,,,-0.21884435,0.19995654,0.11,1738540800.0,SAO,EQUITY,KCRE11.SA,KCRE11.SA,FII KINEA CRCI,Kinea Creditas Fundo De Investimento Imobiliario - FII,1657630800,America/Sao_Paulo,BRT,dcb77e23-8bcd-3322-80db-af1f1f01431e,finmb_1686369150,-10800000,7.76,none,,,,,,,,,,,,,,,,KCRE11.SA,10:1,1718236800.0,,,,,,,,,,,,,,
39,KORE11,Títulos e Val. Mob.,71.6,11.47,11.21,0.68,689150000,2506410,4,11046.9,855.02,7.74,1.72,15,65,80,,,,,,,,,,,,,,,,86400,2,71.75,71.75,,,,,,37265.0,39430.0,39430.0,71.6,72.6,689150016.0,112.98,,77.5194,94.73995,BRL,,,,,,,,,,,,,,,,,,SAO,EQUITY,KORE11.SA,KORE11.SA,FII KORE    CI,Kinea Oportunidades Real Estate Fundo De Investimento Imobiliario,1702040400,America/Sao_Paulo,BRT,3311f15a-a3e1-39c7-b412-8691d627a740,finmb_1857092244,-10800000,71.6,none,,,,,,,,,,,,,,,,KORE11.SA,,,,,,,,,,,,,,,,
40,VILG11,Logística,72.36,10.22,10.13,0.64,1085210000,1849700,15,1895.56,232.49,12.26,6.19,9,72,81,,,,,,Brazil,,,Asset Management,asset-management,Asset Management,Financial,financial,,,86400,2,71.84,71.84,8.4,0.082399994,1696204800.0,,7.3761463,26501.0,19902.0,19902.0,72.3,72.5,1085211904.0,98.48,,71.7144,82.00725,BRL,,,14997400.0,0.024389999,14997400.0,,,,,,9.81,,,-0.20483518,0.19995654,0.65,1738540800.0,SAO,EQUITY,VILG11.SA,VILG11.SA,FII VINCI LGCI,Vinci Logistica Fundo Investimento Imobiliario FII,1553000400,America/Sao_Paulo,BRT,83385f10-41ad-35fa-ad45-380f93782fda,finmb_572052036,-10800000,72.36,none,,,,,,,,,,,,,,,,VILG11.SA,,,,0.96970004,,,,,,,,,,,,
41,RCRB11,Lajes Corporativas,116.99,4.6,9.67,0.58,431774000,574001,9,11113.7,1142.82,10.28,1.77,6,76,82,Avenida Chedid Jafet 222,"Andar 3, Bloco B",Sao Paulo,,,Brazil,,,,,,,,,,86400,2,114.3,114.3,9.36,0.0615,1696464000.0,0.386868,15.89538,5345.0,4107.0,4107.0,114.02,117.06,431774976.0,165.44,6.464181,118.5486,133.48186,BRL,561723776.0,1.02485,3690700.0,0.04334,3690700.0,207.339,0.564245,1672444800.0,1703980800.0,68455000.0,7.36,8.41,,-0.27582794,0.19995654,0.85,1738886400.0,SAO,EQUITY,RCRB11.SA,RCRB11.SA,FII RIOB RC CI,Fundo de Investimento Imobiliário Rio Bravo Renda Corporativa,1573045200,America/Sao_Paulo,BRT,e4d08eb6-98d0-3490-b799-8600a4995ce0,finmb_112326469,-10800000,116.99,none,,2.018,2.018,66795000.0,18.098,0.02656,0.091800004,37607000.0,22204124.0,30411000.0,0.56302,,0.54167,BRL,,RCRB11.SA,,,,,,,,,,,,,6.32,0.055293087,,
43,SARE11,Híbrido,3.71,11.11,8.54,0.48,342594000,716423,3,1932.13,268.46,13.89,0.0,2,80,82,,,,,,Brazil,,,,,,,,,,86400,4,3.64,3.64,5.4,0.1116,1696204800.0,,21.82353,195873.0,99075.0,99075.0,3.7,3.74,342593632.0,4.948,,3.6344,4.043225,BRL,,,92343296.0,0.01591,92343296.0,,,,,,0.17,,,-0.18960243,0.19995654,0.023,1738540800.0,SAO,EQUITY,SARE11.SA,SARE11.SA,FII SANT RENCI,Santander Renda De Alugueis Fundo Investimento Imobiliarios,1578661200,America/Sao_Paulo,BRT,92e1afc6-1c7c-3516-bcea-540e98359198,finmb_640185656,-10800000,3.71,none,,,,,,,,,,,,,,,,SARE11.SA,10:1,1729209600.0,,,,,,,,,,,,,,
44,CRAA11,Títulos e Val. Mob.,87.33,4.62,14.76,0.87,206958000,1190920,0,0.0,0.0,0.0,0.0,66,16,82,,,,,,,,,,,,,,,,86400,2,85.49,85.49,,,,,,13331.0,16504.0,16504.0,87.0,87.23,,115.75,,87.5212,100.0163,BRL,,,,,,,,,,,,,,,,,,SAO,EQUITY,CRAA11.SA,CRAA11.SA,FIAGRO CRAA CI,Sparta Fiagro Fundo De Investimento Nas Cadeias Produtivas Agroindustriais - Imobiliario,1680526800,America/Sao_Paulo,BRT,9a270ac5-647f-31c3-9626-14ea372de3a8,finmb_1819826824,-10800000,87.33,none,,,,,,,,,,,,,,,,CRAA11.SA,,,,,,,,,,,,,,,,
45,ITRI11,Híbrido,65.09,10.73,11.83,0.75,406813000,1804740,0,0.0,0.0,0.0,0.0,25,60,85,,,,,,,,,,,,,,,,86400,2,65.0,65.0,,,,,,28187.0,27928.0,27928.0,65.01,65.7,406812480.0,103.99,,69.4404,84.8295,BRL,,,,,,,,,,,,,,,,,,SAO,EQUITY,ITRI11.SA,ITRI11.SA,FII ITRI    CI,Itau Total Return Fundo De Investimento Imobiliario,1712149200,America/Sao_Paulo,BRT,195e0126-6dfe-320e-8d06-4ffdaeecec25,finmb_1865736411,-10800000,65.09,none,,,,,,,,,,,,,,,,ITRI11.SA,,,,,,,,,,,,,,,,
48,VVMR11,Híbrido,80.1,5.25,9.68,0.71,226137000,1360460,5,7364.65,606.9,8.24,2.83,20,75,95,,,,,,,,,,,,,,,,86400,2,82.0,82.0,,,,,13.088235,12475.0,4055.0,4055.0,80.0,86.56,222053216.0,94.0,,87.5268,89.1973,BRL,,,,,,,,,,,,,,,,,,SAO,EQUITY,VVMR11.SA,VVMR11.SA,FII MULT RENCI,Fundo De Investimento ImobiliaRio Multi Renda Urbana,1589806800,America/Sao_Paulo,BRT,a3e145da-6ae7-3d1e-ab7d-973c14a50648,finmb_648590596,-10800000,80.1,none,,,,,,,,,,,,,,,,VVMR11.SA,,,,,,,,,,,,,,,,
50,RFOF11,Títulos e Val. Mob.,60.74,11.66,13.87,0.9,65487700,529514,0,0.0,0.0,0.0,0.0,71,27,98,,,,,,Brazil,,,,,,,,,,86400,2,61.25,61.25,9.0,0.120799996,1696204800.0,,5.8742747,7603.0,9199.0,9199.0,59.9,61.21,65487440.0,80.91,,57.0264,66.9488,BRL,,,1078160.0,,1078160.0,,,,,,10.34,,,-0.20601308,0.19995654,0.65,1738540800.0,SAO,EQUITY,RFOF11.SA,RFOF11.SA,FII RB CFOF CI,Fundo De Investimento Imobiliario RB Capital I Fundo De Fundos,1582894800,America/Sao_Paulo,BRT,57e4f371-19ad-3322-8eab-6a1d5bb095f8,finmb_639336347,-10800000,60.74,none,,,,,,,,,,,,,,,,RFOF11.SA,,,,,,,,,,,,,,,,
51,MALL11,Híbrido,92.6,23.65,10.65,0.76,1201490000,2111780,11,3571.61,660.4,18.49,3.64,30,69,99,,,,,,Brazil,,,REIT - Retail,reit-retail,,Financial,financial,,,86400,2,91.42,91.42,10.2,0.0883,1696204800.0,,8.526704,26707.0,17620.0,17620.0,92.3,92.6,844943488.0,120.0,,93.25,103.40085,BRL,,,9124660.0,0.02135,9124660.0,,,,,,10.86,,,-0.22014487,0.19995654,0.83,1738540800.0,SAO,EQUITY,MALL11.SA,MALL11.SA,FII MALLS BPCI,Malls Brasil Fundo Investimento Imobiliario,1544702400,America/Sao_Paulo,BRT,f892589f-f6e7-3213-97b8-128ebce93f29,finmb_539395580,-10800000,92.6,none,,,,,,,,,,,,,,,,MALL11.SA,,,,0.3746,,,,,,,,,,,,
52,GARE11,Híbrido,7.91,6.56,13.2,0.85,1166390000,6101660,4,283.05,30.58,10.8,0.0,61,38,99,,,,,,,,,,,,,,,,86400,2,7.92,7.92,,,,,,847973.0,838736.0,838736.0,7.9,7.94,998408064.0,9.36,,8.2174,8.84935,BRL,,,,,,,,,,,,,,,,,,SAO,EQUITY,GARE11.SA,GARE11.SA,FII GUARDIANCI,Guardian Logistica Fundo De Investimento Imobiliario,1707310800,America/Sao_Paulo,BRT,5a178689-6e96-3376-9a2c-8eb7cce2080b,finmb_676018275,-10800000,7.91,none,,,,,,,,,,,,,,,,GARE11.SA,,,,,,,,,,,,,,,,
53,RBRR11,Títulos e Val. Mob.,76.05,10.67,13.11,0.85,1145100000,2556980,0,0.0,0.0,0.0,0.0,60,40,100,,,,,,Brazil,,,Asset Management,asset-management,Asset Management,Financial,financial,,,86400,2,75.25,75.25,7.8,0.0881,1696982400.0,,,36324.0,26081.0,26081.0,75.75,76.06,,95.5,,78.9368,86.55555,BRL,,,,0.04756,,,,,,,,,,-0.15037423,0.19995654,0.82,1736726400.0,SAO,EQUITY,RBRR11.SA,RBRR11.SA,FII RBRHGRADCI,Fundo Investimento Imobiliario - FII RBR Rendimento High Grade,1525438800,America/Sao_Paulo,BRT,6e9f8f7e-687e-3724-988b-eb5f92604c38,finmb_551728256,-10800000,76.05,none,,,,,,,,,,,,,,,,RBRR11.SA,,,,,,,,,,,,,,,,
54,VISC11,Shoppings,95.0,8.97,10.99,0.76,2738720000,4731250,30,2580.67,250.45,9.7,6.44,33,68,101,,,,,,Brazil,,,REIT - Retail,reit-retail,,Financial,financial,,,86400,2,94.71,94.71,11.04,0.0941,1696204800.0,,4.5783134,54856.0,38300.0,38300.0,94.5,95.0,2018151552.0,124.4,,93.5136,106.5365,BRL,,,21243700.0,0.43623,21243700.0,,,,,,20.75,,,-0.2129246,0.19995654,0.8,1738540800.0,SAO,EQUITY,VISC11.SA,VISC11.SA,FII VINCI SCCI,Vinci Shopping Centers Fundo Investimento Imobiliario - Fii,1509537600,America/Sao_Paulo,BRT,53eb310a-dd0a-3d9c-bf6b-1cd161dd87cf,finmb_433093458,-10800000,95.0,none,,,,,,,,,,,,,,,,VISC11.SA,,,,0.4085,,,,,,,,,,,,
55,KNHY11,Títulos e Val. Mob.,92.5,8.27,14.05,0.94,2605680000,4954670,0,0.0,0.0,0.0,0.0,76,26,102,,,,,,Brazil,,,Asset Management,asset-management,Asset Management,Financial,financial,,,86400,2,92.35,92.35,10.8,0.106000006,1696204800.0,,9.585492,51891.0,72597.0,72597.0,92.27,92.85,2605678848.0,108.7,,97.3516,102.99495,BRL,,,28169500.0,0.0198,28169500.0,,,,,,9.65,,,-0.1273585,0.19995654,1.2,1738540800.0,SAO,EQUITY,KNHY11.SA,KNHY11.SA,FII KINEA HYCI,Kinea High Yield Cri Fundo Investimento Imobiliario FII,1533906000,America/Sao_Paulo,BRT,043f1999-50e9-3ef6-ab8f-269a0faee44f,finmb_558981983,-10800000,92.5,none,,,,,,,,,,,,,,,,KNHY11.SA,,,,0.94269997,,,,,,,,,,,,
56,HBCR11,Outros,138.0,7.79,14.69,1.1,220800000,4323460,2,2172.42,430.16,19.8,0.0,85,18,103,,,,,,Brazil,,,,,,,,,,86400,2,137.403,137.403,,,,,3.9552882,128470.0,121005.0,121005.0,137.4,,220800000.0,146.0,,135.8344,132.901,BRL,,,1600000.0,0.26722,1600590.0,,,,,,34.89,,,0.17908406,0.19995654,0.596953,1738540800.0,SAO,EQUITY,HBCR11.SA,HBCR11.SA,FII HBC REN CI,Fundo De Investimento Imobiliario Hbc Renda Urbana,1624885200,America/Sao_Paulo,BRT,abdc4483-1d50-373a-ad6a-965c87464226,finmb_695846698,-10800000,138.0,none,,,,,,,,,,,,,,,,HBCR11.SA,,,,,,,,,,,,,,,,
57,KFOF11,Títulos e Val. Mob.,66.35,9.31,7.74,0.73,465416000,1620570,0,0.0,0.0,0.0,0.0,21,82,103,,,,,,Brazil,,,Asset Management,asset-management,Asset Management,Financial,financial,,,86400,2,65.7,65.7,9.6,0.0992,1696204800.0,,19.688427,25855.0,22875.0,22875.0,66.08,66.2,465416032.0,104.98,,69.833,82.57885,BRL,,,7014560.0,0.01993,7014560.0,,,,,,3.37,,,-0.34306931,0.19995654,0.75,1738540800.0,SAO,EQUITY,KFOF11.SA,KFOF11.SA,FII KINEAFOFCI,Kinea Fundo Fundos De Investimento Imobiliario FII,1551099600,America/Sao_Paulo,BRT,37a2da96-aacc-3daf-a0c3-b8c3378e1079,finmb_559519808,-10800000,66.35,none,,,,,,,,,,,,,,,,KFOF11.SA,,,,,,,,,,,,,,,,
58,BTCI11,Títulos e Val. Mob.,8.36,13.04,13.08,0.85,831997000,1662490,0,0.0,0.0,0.0,0.0,63,41,104,,,,,,Brazil,,,,,,,,,,86400,2,8.38,8.38,1.21,0.123,1696809600.0,,6.1470585,216439.0,151537.0,151537.0,8.36,8.39,831997184.0,10.4,,8.4298,9.42665,BRL,,,99521200.0,0.02172,99521200.0,10.402,0.8036915,,,,1.36,,,-0.1827957,0.19995654,0.092,1736380800.0,SAO,EQUITY,BTCI11.SA,BTCI11.SA,FII BTG CRI CI,Fundo Infestimento Imobiliario Btg Pactual Credito Imobiliario,1546603200,America/Sao_Paulo,BRT,b76f1a47-a560-368a-abe1-f6707e94df72,finmb_557652578,-10800000,8.36,none,,,,,,,,,,,,,,BRL,,BTCI11.SA,9:1,1674086400.0,,,,,,,,,,,,,,
59,VGIP11,Títulos e Val. Mob.,77.2,13.04,13.19,0.88,909975000,2118440,0,0.0,0.0,0.0,0.0,67,39,106,,,,,,Brazil,,,,,,,,,,86400,2,74.5,74.5,9.6,0.1092,1697155200.0,,12.043681,27899.0,23615.0,23615.0,76.66,77.2,909971776.0,94.53,,75.0724,84.06225,BRL,,,11787200.0,0.00828,11787200.0,,,,,,6.41,,,-0.17600596,0.19995654,0.92,1736812800.0,SAO,EQUITY,VGIP11.SA,VGIP11.SA,FII VALORAIPCI,Valora Cri Indice De Preco Fundo De Investimento Imobiliario,1584709200,America/Sao_Paulo,BRT,0b29dfc5-4b1c-3f3a-b2ef-aac9176f1d5d,finmb_649474402,-10800000,77.2,none,,,,,,,,,,,,,,,,VGIP11.SA,,,,,,,,,,,,,,,,
60,RBRY11,Títulos e Val. Mob.,84.82,10.84,13.56,0.91,1083110000,3032720,0,0.0,0.0,0.0,0.0,72,34,106,,,,,,Brazil,,,Asset Management,asset-management,Asset Management,Financial,financial,,,86400,2,84.01,84.01,14.4,0.1437,1696982400.0,,,37826.0,34256.0,34256.0,84.8,85.35,,101.35,,83.8138,92.92145,BRL,,,,0.047069997,,,,,,,,,,-0.16243702,0.19995654,0.97,1736726400.0,SAO,EQUITY,RBRY11.SA,RBRY11.SA,FII RBR PCRICI,Fundo Investimeto Imobiliario Rbr Private Credito Imobiliario,1558530000,America/Sao_Paulo,BRT,3fc1ae87-4354-3c49-bdb8-d96e0a60f8cd,finmb_570773664,-10800000,84.82,none,,,,,,,,,,,,,,,,RBRY11.SA,,,,,,,,,,,,,,,,
61,SNAG11,Híbrido,9.2,10.51,13.22,0.89,558811000,1347290,3,125.18,11.01,8.8,0.0,70,37,107,,,,,,,,,,,,,,,,86400,2,9.14,9.14,,,,,,,,,9.17,9.19,,10.3,,9.2372,9.7997,BRL,,,,,,,,,,,,,,,,,,SAO,EQUITY,SNAG11.SA,SNAG11.SA,FIAGRO SUNO CI,Suno Agro - Fiagro-Imobiliario,1659963600,America/Sao_Paulo,BRT,d2831946-ae34-35d4-abbb-d20f2f985bc6,finmb_1783899591,-10800000,9.2,none,,,,,,,,,,,,,,,,SNAG11.SA,,,,,,,,,,,,,,,,
62,MCCI11,Títulos e Val. Mob.,74.65,12.56,12.73,0.84,1266070000,2355740,0,0.0,0.0,0.0,0.0,57,51,108,,,,,,Brazil,,,,,,,,,,86400,2,73.51,73.51,10.8,0.1154,1697155200.0,,10.514085,31988.0,31231.0,31231.0,74.41,74.99,1266064000.0,95.5,,76.6614,85.3593,BRL,,,16960000.0,0.01653,16960000.0,,,,,,7.1,,,-0.2183246,0.19995654,0.8,1736812800.0,SAO,EQUITY,MCCI11.SA,MCCI11.SA,FII MAUA    CI,Fundo De Investimento Imobiliario Maua Capital Recebiveis Imobiliarios,1575982800,America/Sao_Paulo,BRT,e391c868-62c9-323d-b06e-c20183a1160a,finmb_636513021,-10800000,74.65,none,,,,,,,,,,,,,,,,MCCI11.SA,,,,,,,,,,,,,,,,
63,VGIR11,Títulos e Val. Mob.,9.1,10.36,13.75,0.95,1329520000,5340920,0,0.0,0.0,0.0,0.0,80,29,109,,,,,,Brazil,,,,,,,,,,86400,2,9.11,9.11,1.44,0.14770001,1697155200.0,,,605723.0,537303.0,537303.0,9.1,9.15,1049448448.0,10.18,,9.0458,9.622364,BRL,,,115324000.0,0.050809998,115324000.0,,,,,,,,,-0.06952965,0.19995654,0.109584,1736812800.0,SAO,EQUITY,VGIR11.SA,VGIR11.SA,FII VALREIIICI,Valora Re III Fundo De Investimento Imobiliario,1533042000,America/Sao_Paulo,BRT,49fa10d9-4328-31a4-b136-517f15cd21a0,finmb_557660213,-10800000,9.1,none,,,,,,,,,,,,,,,,VGIR11.SA,10:1,1662940800.0,,,,,,,,,,,,,,
64,KISU11,Títulos e Val. Mob.,6.56,12.49,12.88,0.86,289926000,580260,0,0.0,0.0,0.0,0.0,64,45,109,,,,,,Brazil,,,,,,,,,,86400,2,6.69,6.69,,,,,5.377049,106550.0,93887.0,93887.0,6.56,6.64,289925760.0,8.69,,6.8602,7.74015,BRL,,,44196000.0,0.00412,44196100.0,,,,,,1.22,,,-0.22274882,0.19995654,0.07,1738540800.0,SAO,EQUITY,KISU11.SA,KISU11.SA,FII KILIMA  CI,Kilima Fundo De Investimento Em Cotas De Fundos Imobiliarios Suno 30,1610715600,America/Sao_Paulo,BRT,8c1ecdf7-e46a-3c44-852a-82392e30feae,finmb_689535293,-10800000,6.56,none,,,,,,,,,,,,,,,,KISU11.SA,10:1,1627257600.0,,,,,,,,,,,,,,
65,KNHF11,Híbrido,75.49,9.18,7.79,0.76,1484380000,4772240,2,18851.2,312.25,1.66,0.0,29,81,110,,,,,,Brazil,,,,,,,,,,86400,2,75.06,75.06,,,,,9.389303,59275.0,67707.0,67707.0,75.25,75.49,1484374912.0,107.48,,80.006,91.23085,BRL,,,19663200.0,,19663200.0,,,,,,8.04,,,-0.26322466,0.19995654,0.9,1738540800.0,SAO,EQUITY,KNHF11.SA,KNHF11.SA,FII KINEA HFCI,Kinea Hedge Fund Fundo De Investimento Imobiliario,1692709200,America/Sao_Paulo,BRT,488297b7-46d3-3b1b-b4b8-896728f56c85,finmb_1814089213,-10800000,75.49,none,,,,,,,,,,,,,,,,KNHF11.SA,,,,,,,,,,,,,,,,
66,LASC11,Shoppings,109.0,3.24,6.59,0.76,320492000,1328090,2,15292.5,1364.23,8.92,2.64,31,85,116,,,,,,,,,,,,,,,,86400,2,111.48,111.48,,,,,3.3211458,14088.0,964.0,964.0,107.0,109.0,320492704.0,120.97,,110.3784,111.28255,BRL,,,,,,,,,,,,,,,,,,SAO,EQUITY,LASC11.SA,LASC11.SA,FII LEGATUS CI,Legatus Shoppings Fundo De Investimento Imobiliario - FII,1588078800,America/Sao_Paulo,BRT,64772187-3017-379f-850f-4fe7623e310d,finmb_632070230,-10800000,109.0,none,,,,,,,,,,,,,,,,LASC11.SA,,,,,,,,,,,,,,,,
68,XPLG11,Logística,91.0,8.6,10.24,0.81,2837010000,4278230,18,2209.6,203.93,9.23,2.83,51,70,121,"Av. Chedid. Jafet, 75",Torre Sul Floor 30,Sao Paulo,SP,,Brazil,,,,,,,,,,86400,2,89.64,89.64,9.36,0.083900005,1696204800.0,,12.798875,48220.0,51819.0,51819.0,90.2,91.0,2694801152.0,112.5,,91.1934,98.403,BRL,,,29613200.0,0.04671,29613200.0,,,,,,7.11,,,-0.16298747,0.19995654,0.82,1738540800.0,SAO,EQUITY,XPLG11.SA,XPLG11.SA,FII XP LOG  CI,Xp Log Fundo Investimento Imobiliario FII,1591275600,America/Sao_Paulo,BRT,49bac3da-b66f-3832-b8db-94164f310ec7,finmb_558570220,-10800000,91.0,none,,,,,,,,,,,,,,,,XPLG11.SA,,,,0.8138,,,,,,,,,,,,
69,XPML11,Shoppings,97.94,8.31,11.12,0.84,5418060000,14421800,20,5497.12,425.69,7.74,5.65,59,66,125,"Av. Brigadeiro Faria Lima, 3477",,São Paulo,SP,04538-133,Brazil,,,,,,,,,,86400,2,97.98,97.98,10.2,0.0913,1697673600.0,,6.6265225,153453.0,123359.0,123359.0,97.8,97.94,5418060288.0,119.1,,96.8448,106.8314,BRL,,,55320200.0,0.00772,55320200.0,,,,,,14.78,,,-0.17210484,0.19995654,0.92,1737331200.0,SAO,EQUITY,XPML11.SA,XPML11.SA,FII XP MALLSCI,Xp Malls Fundo Investimentos Imobiliarios,1591275600,America/Sao_Paulo,BRT,9551111b-fdae-3600-9c29-394616178479,finmb_543641516,-10800000,97.94,none,,,,,,,,,,,,,,,,XPML11.SA,,,,,,,,,,,,,,,,
70,KNSC11,Títulos e Val. Mob.,8.12,5.85,12.78,0.94,1641880000,6159260,0,0.0,0.0,0.0,0.0,78,49,127,,,,,,Brazil,,,,,,,,,,86400,2,8.11,8.11,9.0,0.1015,1696204800.0,,8.12,839031.0,747513.0,747513.0,8.1,8.12,1080406528.0,9.36,,8.3122,8.883792,BRL,,,133055000.0,0.03534,133055000.0,,,,,,1.0,,,-0.11353713,0.19995654,0.1,1738540800.0,SAO,EQUITY,KNSC11.SA,KNSC11.SA,FII KINEA SCCI,Kinea Securities Fundo De Investimento Imobiliario – Fii,1645102800,America/Sao_Paulo,BRT,5c9eee70-5900-33d6-94c0-86e5c543e595,finmb_684169279,-10800000,8.12,none,,,,,,,,,,,,,,,,KNSC11.SA,10:1,1699228800.0,,0.9391,,,,,,,,,,,,
71,AFHI11,Títulos e Val. Mob.,87.75,10.71,12.79,0.95,399755000,1185970,0,0.0,0.0,0.0,0.0,79,48,127,,,,,,Brazil,,,,,,,,,,86400,2,88.0,88.0,,,,,12.004104,13040.0,12803.0,12803.0,87.5,87.91,399756544.0,99.33,,89.5784,94.7487,BRL,,,4555630.0,0.04257,4555630.0,,,,,,7.31,,,-0.11121237,0.19995654,0.95,1736985600.0,SAO,EQUITY,AFHI11.SA,AFHI11.SA,FII AFHI CRICI,Af Invest Cri Fundo De Investimento Imobiliario – Recebiveis Imobiliarios,1617627600,America/Sao_Paulo,BRT,4f7b8a86-109c-33b4-96d8-6c0507a85ebf,finmb_701693391,-10800000,87.75,none,,,,,,,,,,,,,,,,AFHI11.SA,,,,,,,,,,,,,,,,
72,GGRC11,Logística,9.12,9.6,7.5,0.81,964921000,2472020,13,1157.87,144.15,12.45,0.0,47,83,130,Rua Gomes de Carvalho,1195 – 4º Andar Vila Olímpia,Sao Paulo,,04547-004,Brazil,55 11 2388 0480,,REIT - Industrial,reit-industrial,,Financial,financial,,,86400,2,9.18,9.18,11.4,0.100600004,1696291200.0,,,241068.0,314201.0,314201.0,9.12,9.24,964923328.0,11.68,,9.4426,10.4176,BRL,,,105803000.0,0.02081,105917000.0,,,,,,,,,-0.19718307,0.19995654,0.095,1738627200.0,SAO,EQUITY,GGRC11.SA,GGRC11.SA,FII GGRCOVEPCI,Ggr Covipe Renda Fundo Investimento Imobiliario,1507554000,America/Sao_Paulo,BRT,562a5a76-52d9-302e-b40e-ab01930a8d2d,finmb_421014964,-10800000,9.12,none,,,,,,,,,,,,,,,,GGRC11.SA,10:1,1709683200.0,,,,,,,,,,,,,,
73,KNRI11,Híbrido,131.51,7.68,9.06,0.82,3709110000,5574570,20,4615.98,352.22,7.63,0.13,55,78,133,,,,,,Brazil,,,REIT - Diversified,reit-diversified,,Financial,financial,,,86400,2,130.69,130.69,12.0,0.0757,1696204800.0,0.193943,8.923797,45375.0,42472.0,42472.0,131.23,131.69,3714420992.0,167.05,10.864215,132.019,145.45355,BRL,3804746496.0,0.86016,28244400.0,0.03906,28244400.0,160.185,0.82098824,1688083200.0,1719705600.0,294086016.0,14.737,11.128,,-0.1946724,0.19995654,1.0,1738540800.0,SAO,EQUITY,KNRI11.SA,KNRI11.SA,FII KINEA   CI,Kinea Renda Imobiliária Fundo de Investimento Imobiliário,1407330000,America/Sao_Paulo,BRT,b8f44d16-479a-31c2-b9b2-046369cb0f27,finmb_116450048,-10800000,131.51,none,,0.068,0.829,341895008.0,14.153,0.04287,0.07609,333112000.0,6408750.0,256906000.0,0.97431,,0.84933,BRL,,KNRI11.SA,,,,,,,,,,,,,,,15.435445,8.52
74,BRCO11,Logística,95.79,8.33,6.05,0.81,1523550000,3764310,12,2976.95,313.37,10.53,5.95,48,86,134,,,,,,Brazil,,,,,,,,,,86400,2,95.0,95.0,10.44,0.0847,1696204800.0,,,38168.0,30057.0,30057.0,95.4,95.6,,126.0,,96.6996,108.1939,BRL,,,,0.026659999,,,,,,,,,,-0.23355734,0.19995654,0.87,1738540800.0,SAO,EQUITY,BRCO11.SA,BRCO11.SA,FII BRESCO  CI,Bresco - Fundo De Investimento Imobiliario,1575550800,America/Sao_Paulo,BRT,5967e2f0-1cee-336d-8055-e9e1535ccd28,finmb_603634430,-10800000,95.79,none,,,,,,,,,,,,,,,,BRCO11.SA,,,,,,,,,,,,,,,,
76,TRXF11,Híbrido,99.35,-1.91,12.65,0.97,1990530000,5213120,29,4428.98,337.91,7.63,0.0,81,53,134,,,,,,Brazil,,,,,,,,,,86400,2,98.92,98.92,10.77,0.0998,1696204800.0,,7.515128,56889.0,40086.0,40086.0,99.13,98.97,1530963584.0,114.81,,98.7874,103.5548,BRL,,,15409800.0,0.109469995,15409800.0,,,,,,13.22,,,-0.10944784,0.19995654,0.11,1738540800.0,SAO,EQUITY,TRXF11.SA,TRXF11.SA,FII TRX REALCI,TRX Renda Fundo Investimento Imobiliario,1579784400,America/Sao_Paulo,BRT,5caf4726-3d7d-3518-8b17-6d69491c48d8,finmb_542275591,-10800000,99.35,none,,,,,,,,,,,,,,,,TRXF11.SA,,,,,,,,,,,,,,,,
77,KNIP11,Títulos e Val. Mob.,85.19,14.56,12.35,0.94,6821860000,9576210,0,0.0,0.0,0.0,0.0,77,58,135,,,,,,Brazil,,,REIT - Diversified,reit-diversified,,Financial,financial,,,86400,2,84.2,84.2,7.2,0.077800006,1696204800.0,,9.279957,111616.0,113753.0,113753.0,84.97,85.41,6821861888.0,98.39,,87.5708,92.6701,BRL,,,80078200.0,0.04486,80078200.0,,,,,,9.18,,,-0.11628628,0.19995654,0.95,1738540800.0,SAO,EQUITY,KNIP11.SA,KNIP11.SA,FII KINEA IPCI,Kinea Indices Precos Fundo Investimento Imobiliario - FII,1507554000,America/Sao_Paulo,BRT,3b5f5183-4482-381f-8b38-f476c523addb,finmb_373907676,-10800000,85.19,none,,,,,,,,,,,,,,,,KNIP11.SA,,,,,,,,,,,,,,,,
78,VIFI11,Títulos e Val. Mob.,7.53,11.43,11.48,0.93,60911600,1247600,0,0.0,0.0,0.0,0.0,74,62,136,,,,,,Brazil,,,,,,,,,,86400,2,7.46,7.46,0.84,0.103199996,1696204800.0,,5.738462,126852.0,502.0,502.0,,,60345356.0,8.7,,6.916,7.58445,BRL,,,8089190.0,0.07626,8089190.0,,,,,,1.3,,,-0.15225333,0.19995654,0.07,1738540800.0,SAO,EQUITY,VIFI11.SA,VIFI11.SA,FII VINCI IFCI,Vinci Instrumentos Financeiros Fundo De Investimento Imobiliario,1591794000,America/Sao_Paulo,BRT,590b996c-b179-3eb4-b4d8-c08c7a650041,finmb_636515651,-10800000,7.46,none,,,,,,,,,,,,,,,,VIFI11.SA,10:1,1652745600.0,,,,,,,,,,,,,,
79,KNUQ11,Títulos e Val. Mob.,100.1,7.05,12.64,0.99,1532780000,5309860,0,0.0,0.0,0.0,0.0,83,54,137,,,,,,,,,,,,,,,,86400,2,100.02,100.02,,,,,17.530647,51124.0,62796.0,62796.0,99.81,100.1,1532781184.0,107.65,,99.6102,103.049,BRL,,,,,,,,,,,,,,,,,,SAO,EQUITY,KNUQ11.SA,KNUQ11.SA,FII KINEA UNCI,,1698325200,America/Sao_Paulo,BRT,13cfbdb7-1819-3db2-a1ce-fc0579ac9063,finmb_1818804059,-10800000,100.1,none,,,,,,,,,,,,,,,,KNUQ11.SA,,,,,,,,,,,,,,,,
80,HGBL11,Logística,8.59,1.41,10.23,0.88,105086000,641656,1,1480.04,39.49,2.67,0.0,69,71,140,,,,,,,,,,,,,,,,86400,2,8.6,8.6,,,,,,55790.0,121400.0,121400.0,8.32,8.6,105604600.0,11.0,,9.1846,10.018604,BRL,,,,,,,,,,,,,,,,,,SAO,EQUITY,HGBL11.SA,HGBL11.SA,FII HGBL    CI,,1713186000,America/Sao_Paulo,BRT,da087163-370d-357c-91b7-6319d5e559fc,finmb_1869860676,-10800000,8.59,none,,,,,,,,,,,,,,,,HGBL11.SA,,,,,,,,,,,,,,,,
82,ARRI11,Títulos e Val. Mob.,7.46,7.73,8.91,0.87,146566000,526184,0,0.0,0.0,0.0,0.0,65,79,144,,,,,,Brazil,,,,,,,,,,86400,2,7.4,7.4,1.2,0.137,1696204800.0,,5.485294,69984.0,37574.0,37574.0,7.4,7.48,114463256.0,9.3,,7.8398,8.642307,BRL,,,15343600.0,0.00575,15343600.0,,,,,,1.36,,,-0.18380743,0.19995654,0.09,1738540800.0,SAO,EQUITY,ARRI11.SA,ARRI11.SA,FII ATRIO   CI,Fundo De Investimento Imobiliario Atrio Reit Recebiveis Imobiliarios,1573477200,America/Sao_Paulo,BRT,451c2a2f-114c-38b3-a95a-d14d14b2b7ff,finmb_632069622,-10800000,7.46,none,,,,,,,,,,,,,,,,ARRI11.SA,10:1,1660003200.0,,,,,,,,,,,,,,
84,HGCR11,Títulos e Val. Mob.,87.5,13.15,7.16,0.88,1349080000,3105760,0,0.0,0.0,0.0,0.0,68,84,152,,,,,,Brazil,,,REIT - Diversified,reit-diversified,,Financial,financial,,,86400,2,87.5,87.5,13.2,0.12529999,1696204800.0,,,38182.0,29386.0,29386.0,87.25,87.8,1349083776.0,106.99,,91.3186,99.385,BRL,,,15418100.0,0.031070001,15418100.0,,,,,,,,,-0.17413872,0.19995654,1.05,1738540800.0,SAO,EQUITY,HGCR11.SA,HGCR11.SA,FII HGCR PAXCI,CSHG Recebiveis Imobiliarios BC Fundo de Investimento Imobiliario - FII,1407330000,America/Sao_Paulo,BRT,9d8aaadc-12be-3dd3-a1b9-f71d51b632cc,finmb_106348095,-10800000,87.5,none,,,,,,,,,,,,,,,,HGCR11.SA,10:1,1507593600.0,,,,,,,,,,,,,,
85,ALZR11,Híbrido,96.25,7.77,9.41,0.93,1176810000,1637100,16,4577.35,362.8,7.93,0.0,75,77,152,,,,,,Brazil,,,Property Management,property-management,,Financial,financial,,,86400,2,96.2,96.2,9.9,0.0857,1697673600.0,,13.203018,18567.0,15964.0,15964.0,96.06,96.25,963616512.0,118.9,,98.5464,104.58602,BRL,,,10011600.0,0.00521,10011600.0,,,,,,7.29,,,-0.18755805,0.19995654,0.8055,1737331200.0,SAO,EQUITY,ALZR11.SA,ALZR11.SA,FII ALIANZA CI,Alianza Trust Renda Imobiliaria Fundo Investimento Imobiliario,1515067200,America/Sao_Paulo,BRT,a6fa92f1-31c6-318c-9eae-23fc20ce415f,finmb_543632477,-10800000,96.25,none,,,,,,,,,,,,,,,,ALZR11.SA,,,,,,,,,,,,,,,,
86,HSRE11,Híbrido,101.54,6.87,9.99,1.12,903576000,3407930,24,7345.09,632.41,8.61,0.0,86,73,159,,,,,,,,,,,,,,,,86400,2,101.54,101.54,,,,,10.174349,39026.0,55172.0,55172.0,99.0,101.55,90357604352.0,122.4,,100.2172,102.2862,BRL,,,,,,,,,,,,,,,,,,SAO,EQUITY,HSRE11.SA,HSRE11.SA,FII HSIRENDACI,Hsi Renda Imobiliario - Fundo De Investimento Imobiliario,1609160400,America/Sao_Paulo,BRT,b7a81347-5b16-3ee9-b1a4-98d8d8134ce5,finmb_677688806,-10800000,101.54,none,,,,,,,,,,,,,,,,HSRE11.SA,,,,,,,,,,,,,,,,
